distance_group,count,mean,std
near,94,0.7056793762809205,0.3519239866902809
middle,81,0.6604365532204967,0.36264634368687804
far,88,0.6460520397532608,0.37979988070101256
